Ging Zabala:12345:gingzabala@gmail.com:Manila
Rhea Zabala:12344:rheazabala@gmail.com:Manila
Emcy Manuel:23456:emcymanuel@gmail.com:Caloocan
Nygreen Nuque:11234:nygreennuque@gmail.com:Pasig
John Mark Manalo:56778:johnmarkmanalo@yahoo.com:Cebu
Rona Zabala:33215:ronazabala@gmail.com.uk:United Kingdom
